{"model_name": "Gradient Boosting Classifier", "accuracy": 0.9839, "precision": 0.9839, "recall": 0.9839, "f1_score": 0.9839, "train_time_sec": 67.9, "latency_ms": 0.0041, "confusion_matrix": [[15628, 116, 0], [126, 4025, 89], [0, 55, 3961]], "classification_report": "              precision    recall  f1-score   support\n\n         LOW       0.99      0.99      0.99     15744\n      MEDIUM       0.96      0.95      0.95      4240\n        HIGH       0.98      0.99      0.98      4016\n\n    accuracy                           0.98     24000\n   macro avg       0.98      0.98      0.98     24000\nweighted avg       0.98      0.98      0.98     24000\n", "feature_importances": [0.029781810785422767, 0.01389071339862036, 0.0041411449500253425, 0.057314462026093985, 0.041825119189519026, 0.00021881957152839734, 4.93571496012986e-05, 5.461515156652094e-05, 0.019671762192574174, 0.0014507648008692028, 0.0019733968009828574, 0.03409659774908612, 0.0020116354623323294, 0.004456581851338564, 0.004576079048344903, 0.002235292341205852, 0.7407560720449858, 0.01203054052368005, 0.0029535989520898557, 0.002869335148476391, 0.023642300861655967]}