{"model_name": "Logistic Regression (Baseline)", "accuracy": 0.9178, "precision": 0.9318, "recall": 0.9178, "f1_score": 0.9217, "train_time_sec": 9.64, "latency_ms": 0.0012, "confusion_matrix": [[14461, 1283, 0], [194, 3862, 184], [0, 312, 3704]], "classification_report": "              precision    recall  f1-score   support\n\n         LOW       0.99      0.92      0.95     15744\n      MEDIUM       0.71      0.91      0.80      4240\n        HIGH       0.95      0.92      0.94      4016\n\n    accuracy                           0.92     24000\n   macro avg       0.88      0.92      0.90     24000\nweighted avg       0.93      0.92      0.92     24000\n", "feature_importances": [1.3285265066896388, 1.179425455596236, 0.13863684619829672, 0.12035116942947394, 1.6746918083814235, 0.10933639604563318, 0.10933639604563318, 0.029782028852395465, 0.5213077043845917, 0.8910649978046837, 1.3176071875236008, 1.16278652895401, 0.705813353586756, 2.0665710084794244, 0.3265548965121818, 0.24972399860363673, 14.268837512299323, 0.561485079995797, 0.11354233953155966, 0.2762700457525131, 1.3019068327561605]}