{"model_name": "Random Forest Classifier", "accuracy": 0.9703, "precision": 0.9726, "recall": 0.9703, "f1_score": 0.9709, "train_time_sec": 11.18, "latency_ms": 0.0071, "confusion_matrix": [[15228, 516, 0], [52, 4112, 76], [0, 68, 3948]], "classification_report": "              precision    recall  f1-score   support\n\n         LOW       1.00      0.97      0.98     15744\n      MEDIUM       0.88      0.97      0.92      4240\n        HIGH       0.98      0.98      0.98      4016\n\n    accuracy                           0.97     24000\n   macro avg       0.95      0.97      0.96     24000\nweighted avg       0.97      0.97      0.97     24000\n", "feature_importances": [0.11089312169013052, 0.08328927701342323, 0.034861472077027486, 0.02796708088622742, 0.02309389633801762, 0.0021102632865677646, 0.0020196894976375257, 0.003531231821132585, 0.008626347134318405, 0.0422996896518423, 0.042406720835125554, 0.06164308891656232, 0.03763395363307839, 0.019999767866001654, 0.01107178380869249, 0.01316803954015026, 0.2820574016065803, 0.005001849132972403, 0.01319727187722754, 0.058269362696379445, 0.11685869069090479]}